prenom;nom;carte;achat;date
Isaac;Holmes;5379-9994-3566-2916;336;06-12-18
Hu;Stokes;5324-6458-9474-5892;687;25-07-18
Amena;Osborn;5107-6913-3433-7133;635;22-10-18
Lucius;England;5447-9637-0914-3340;388;14-09-19
Maris;Stark;5529-1352-2243-2325;727;22-02-19
Ferris;Slater;5144-2726-6475-5569;559;05-10-19
Karly;Knowles;5452-2170-6125-3730;565;14-05-19
Murphy;Maxwell;5167-6428-1156-2740;321;18-06-19
Jena;Ochoa;5172-3047-2216-5872;647;13-08-18
Paula;Ramsey;5427-6973-8346-6239;103;10-07-19
Arsenio;Tyson;5139-2000-2940-4026;360;18-02-20
Marsden;Mercado;5537-1034-6204-3665;521;19-03-19
Brielle;Goodman;5541-1957-3495-3519;784;03-08-18
Serena;Tillman;5123-9528-7567-8669;237;07-09-19
Angelica;Guy;5568-6138-7969-8630;893;23-07-19
Yoshio;Hogan;5332-7969-5621-7104;396;18-09-19
Curran;Moreno;5354-0371-1704-8986;21;16-11-18
Tucker;Swanson;5493-5782-6089-1393;380;11-07-18
Daryl;Curry;5316-4933-4170-8977;117;06-01-19
Barrett;Foley;5582-0180-2750-9014;65;02-05-20
Justin;Mckay;5345-6996-2641-9636;454;14-04-19
Ashely;Crosby;5182-4762-0556-4918;10;21-03-20
Kenneth;Alvarado;5583-7099-5536-4799;64;09-05-20
Cyrus;Briggs;5481-1261-3814-6782;950;07-10-18
Neville;Rowe;5142-6612-6148-1425;252;13-06-18
Cailin;Copeland;5221-8065-9680-4585;143;24-10-18
Noelle;Hobbs;5247-2211-1731-2292;472;25-03-20
Pearl;Calderon;5342-2578-7567-1754;229;16-04-20
Tanya;Williams;5255-3187-5464-1691;745;28-05-19
Garrison;Sims;5145-6461-7008-4888;31;24-01-20
Alden;Bush;5532-3449-5628-5678;411;28-11-19
Wynne;Ayers;5387-3532-5245-3761;390;02-02-20
Tatum;Hood;5231-5303-4218-3189;303;12-10-18
Stacey;Graves;5137-0055-6279-8243;465;18-12-18
Daryl;Noel;5512-0872-6480-3542;539;21-04-19
Renee;Finley;5352-4715-6249-3052;600;14-07-19
Blair;Hendrix;5310-8345-0756-7994;323;06-06-18
Vincent;Bates;5128-1030-4794-4903;927;28-07-19
Rigel;Moore;5546-6644-9325-4562;379;26-11-19
Hall;Holcomb;5271-8527-6527-4209;452;23-04-20
Moses;Mills;5145-9482-8191-3868;486;30-05-20
Ross;Wheeler;5215-4353-8051-0469;600;28-10-19
Xantha;Mejia;5121-0690-0717-4004;93;03-02-19
Octavia;Campbell;5484-4654-5739-1497;107;15-10-19
Jolene;Leblanc;5270-1666-3134-9785;935;05-08-19
Morgan;Hickman;5590-5466-3263-6525;631;11-08-19
Colorado;Frank;5594-2767-2850-2128;646;31-05-20
Cole;Hardin;5462-7922-5076-3846;691;14-08-18
Laurel;Wilkerson;5177-5411-0539-1717;194;24-07-18
Todd;Underwood;5224-5474-1909-4445;151;29-01-20
Serina;Ashley;5349-6125-3419-9717;873;29-12-18
Cleo;Christensen;5572-6082-5070-8952;414;12-03-19
Brittany;Stafford;5548-7819-6517-2748;420;04-08-19
Pamela;Barker;5579-0801-4420-4189;893;03-08-18
Freya;Holland;5466-0725-4341-3863;425;27-11-19
Martena;Vazquez;5370-5247-1414-9705;970;29-12-19
Taylor;Burgess;5416-8749-7421-7791;802;26-05-19
Jameson;Mays;5231-1399-1667-0173;21;14-07-18
Simone;Copeland;5113-0364-5946-8598;296;29-03-20
Idona;Richmond;5543-7735-1295-3329;86;19-02-19
Anastasia;Gallagher;5255-1726-9857-4827;469;02-01-19
Kasper;Johns;5340-2371-2710-2123;453;20-06-19
Shaeleigh;Blevins;5492-9863-0890-2752;24;26-03-20
Yolanda;Warren;5543-3997-8495-7291;499;19-04-20
Ivana;Charles;5561-4491-7231-0269;677;20-03-20
Abra;Dillard;5555-8806-5931-5009;799;27-03-19
Laith;Taylor;5524-4463-1624-4921;374;24-07-19
Inez;Russell;5157-1016-1262-1884;762;25-01-20
Burke;Mercer;5169-4315-9495-3963;160;09-05-19
Tatiana;Aguirre;5108-2658-8773-7814;992;04-06-19
Cade;Atkins;5157-6227-9639-8122;454;17-09-19
Marvin;Cooke;5228-5842-6450-7243;135;05-04-19
Tate;Hull;5584-9338-6273-1994;69;04-12-19
Zeph;Conner;5487-9371-0713-3377;464;15-02-19
Joelle;Calhoun;5403-5550-4693-8887;119;23-05-20
Cassandra;Barnett;5431-3611-2931-0201;339;01-11-18
Zephania;Roy;5446-0498-4858-6002;265;11-01-19
Nehru;Roach;5327-2975-8658-5694;673;02-09-18
Tamekah;Case;5586-1935-8054-4405;138;05-05-20
Kelsie;Reid;5239-2428-4295-0271;694;14-03-20
Jessamine;Macdonald;5105-1406-9439-7784;648;23-01-20
William;Valdez;5422-0538-7275-1993;609;30-12-19
Judith;Livingston;5414-5118-1841-0248;318;09-12-18
Nina;Barry;5387-5787-8676-3737;877;11-01-19
Tamara;Burch;5391-2871-2136-3823;249;29-12-18
Rowan;Stone;5211-6182-8198-3893;109;17-11-19
Wanda;Stevens;5384-9763-7375-8115;180;01-06-18
Gregory;Price;5282-8904-0613-1716;18;28-03-19
Jessamine;Howard;5106-9011-1233-1013;292;28-07-18
Emery;Austin;5162-6384-3440-0669;514;10-05-19
Clarke;Suarez;5562-5529-3341-4871;845;31-08-19
Orlando;Watson;5196-8630-1962-7888;120;14-02-20
Dalton;Bray;5237-3866-2377-8583;289;15-07-18
Sophia;Espinoza;5570-5072-7475-8724;970;19-01-20
Hayden;Martinez;5313-7107-2978-7932;188;25-04-19
Trevor;Cantrell;5548-4329-0860-4872;625;25-03-19
Abra;Avila;5344-3893-9023-6066;485;23-03-19
Avye;Dyer;5532-4758-0031-3165;393;23-05-19
Nigel;Serrano;5205-0913-2159-2967;999;21-04-20
Harlan;Watson;5208-1398-4836-2625;92;07-04-19
Hamish;Sanchez;5177-4850-2424-1878;529;03-08-19
Nash;Cline;5584-7437-9344-3530;56;30-06-19
Inez;Gallegos;5171-1395-0789-4937;577;19-03-20
Dominique;Gallegos;5524-9177-4385-4078;242;18-05-20
Yoshi;Walters;5308-2374-6073-4649;389;31-07-18
Hayden;Fitzpatrick;5318-3345-7998-0755;960;13-06-19
Jameson;Gonzales;5219-3786-1514-2300;703;12-11-19
Mercedes;Hernandez;5307-8241-1962-5160;467;12-11-18
Aristotle;Rose;5462-8622-5458-4785;764;30-11-18
Maggy;Winters;5110-8872-9329-9026;360;13-02-19
Odessa;Graham;5551-7768-0556-4397;491;21-08-18
Athena;Holmes;5406-9823-8850-4225;461;17-03-19
Kasper;Wheeler;5545-6085-0623-4195;355;20-12-19
Bree;Paul;5516-6244-5786-3945;435;24-11-18
Maisie;Marquez;5475-9857-4453-4980;408;05-03-20
Riley;Williams;5196-8969-8131-9076;979;18-04-19
Alyssa;Bryant;5420-5521-6262-1727;934;30-06-18
Teegan;Coleman;5260-9618-8773-4447;28;10-11-19
Steven;Hobbs;5379-2804-0394-2014;871;27-07-18
Dale;Sharp;5544-5594-5227-4720;190;15-11-18
Caesar;Cannon;5226-1288-3515-1024;421;01-01-19
Leila;Gould;5189-3728-1937-8139;683;26-08-18
Brynne;Bowers;5271-6166-1067-0154;752;16-10-18
Adrienne;Neal;5474-6228-1532-4576;347;12-02-20
Addison;Hayes;5220-7357-9619-4292;740;23-02-20
Chadwick;Kinney;5447-1702-8953-7095;871;06-02-20
Lamar;Kirby;5252-9583-2713-2869;81;30-07-18
Chandler;Floyd;5242-1089-5168-5237;575;16-10-19
Leo;Walters;5108-0343-2264-7578;918;24-05-20
Rama;Hernandez;5512-0661-9911-1932;705;24-10-18
Joel;Dotson;5470-7497-2776-2330;654;06-05-19
Blossom;Glass;5519-8484-5968-5751;734;30-09-18
Shay;Fletcher;5177-6381-7324-5849;528;13-07-19
Xander;House;5370-8802-0436-9538;933;07-03-20
Timothy;Medina;5569-8815-4621-3120;242;20-09-19
Olympia;Tucker;5245-1077-6351-8997;853;21-05-19
Lillith;Finch;5105-7066-1706-8379;859;02-09-19
Galvin;Finley;5398-0012-2120-7753;789;01-06-18
Jason;Richard;5433-9042-6669-2432;989;15-11-19
Marsden;Hatfield;5102-0721-6635-8726;121;09-05-19
Kennan;Glenn;5522-6295-6157-6996;985;21-03-19
Ina;Mcgee;5232-0578-6890-6933;688;16-12-19
Shaeleigh;Bray;5137-8130-1812-9651;592;08-06-18
Fay;Prince;5235-1732-3002-1595;421;07-07-19
Naomi;Smith;5118-2631-6400-0806;654;28-07-19
Hamish;Franklin;5112-7979-4838-2044;229;25-05-19
Zelenia;Beasley;5305-3382-3778-8406;770;24-08-19
Sharon;Norton;5193-8071-2482-7126;623;14-08-18
Hashim;Larsen;5444-8453-1230-4927;324;02-08-18
Demetrius;Rosa;5286-3493-2948-9038;16;26-03-19
Sigourney;Dodson;5339-8695-6691-9378;843;11-11-19
Skyler;Ingram;5392-8290-0277-0698;36;19-08-19
Avye;Zamora;5233-4330-8197-0437;407;20-12-19
Amal;Pace;5414-0899-5730-2831;947;22-10-18
Zahir;Chaney;5322-2060-7907-2776;492;18-12-19
Kane;Newman;5101-2506-0129-8183;977;05-07-18
Leandra;Hurley;5550-5448-8161-6635;653;13-06-19
Xander;Watkins;5100-8894-0427-2852;738;20-07-18
Chanda;Pierce;5321-7517-2781-1332;535;12-10-18
Alfonso;Frederick;5251-6488-9844-3586;669;27-06-19
Ishmael;Sykes;5365-2361-7893-2982;285;08-12-19
Lawrence;Webster;5544-3392-7858-8714;507;22-11-19
Amethyst;Mathis;5401-1881-5049-9785;614;09-11-19
Josiah;Reynolds;5185-8216-2301-4748;582;03-06-18
Lisandra;Rodriguez;5290-1332-5663-0895;760;13-04-19
Rana;Guy;5543-5186-0308-4686;359;11-12-18
Neve;Reyes;5511-7395-8843-8998;899;11-08-18
Lane;Mcintosh;5514-0298-9145-1608;349;26-05-20
Harriet;Hancock;5407-9306-2169-6885;926;25-02-19
Cruz;Adkins;5488-5435-2718-7545;267;04-11-18
Kay;Hurley;5185-0101-8457-6671;900;16-03-20
MacKensie;Bryan;5384-7535-0121-4349;851;25-05-20
Zelda;Barnett;5156-5786-5479-6255;737;01-03-19
Ali;Salazar;5269-0208-8361-0019;26;06-08-19
Jamal;Estrada;5314-6525-9202-6924;633;08-03-19
Dennis;Gray;5397-6883-6720-6861;789;17-07-19
George;Gentry;5497-3019-5145-4660;360;03-10-19
Henry;Pate;5511-7657-1840-9856;349;04-05-19
Jacob;Moreno;5376-8564-6239-0857;301;12-07-19
Ignatius;William;5377-0607-3101-4856;565;17-03-19
Blythe;Benton;5359-4302-6748-5469;455;02-01-19
Olympia;Patel;5422-7036-8675-6261;412;26-02-20
Yolanda;Kennedy;5273-0241-0546-1825;337;18-12-18
Indira;Phillips;5508-8406-0452-9607;148;11-09-18
Alexander;Dorsey;5574-3467-5157-9832;524;19-08-19
Donovan;Shepherd;5294-5860-2278-5077;797;14-04-19
Ezekiel;Osborne;5430-6047-3110-8195;953;18-09-18
Lareina;Cantrell;5273-9639-5861-4412;141;20-10-18
Reece;Stevens;5389-8925-4868-5940;330;20-10-19
Denise;Marks;5181-5726-6887-5360;820;21-01-20
Magee;Hood;5266-8347-4288-2129;966;31-01-19
Uma;Winters;5582-2122-6618-2340;751;24-09-18
Mari;Mayo;5139-9842-2412-2091;199;16-04-19
Taylor;Rodriquez;5574-8736-9078-1575;444;22-06-18
Shaine;Winters;5390-6508-9012-0420;401;01-07-18
Althea;Rhodes;5414-5640-7240-0280;664;09-12-19
Zeph;Mcintyre;5312-6690-0157-9238;928;17-06-18
Wesley;Larson;5507-2400-3373-0416;109;27-05-19
Kyra;Richardson;5282-3498-1927-7491;206;30-07-19
Phelan;Oneill;5250-3481-9398-3490;200;14-08-19
Fatima;Palmer;5574-6061-3269-7953;719;27-10-19
Yuli;Evans;5151-2412-2429-3957;612;25-02-20
Rama;Houston;5593-6619-0210-2111;155;12-11-18
Delilah;Nieves;5374-2118-9692-9742;939;23-05-19
Simone;Dejesus;5466-7623-0319-9187;470;17-04-20
Jackson;Dawson;5295-9345-7289-5608;606;08-08-19
Phillip;Mayo;5172-9665-1948-3823;851;11-08-18
Josephine;Prince;5198-2042-8489-5124;955;31-12-19
Leslie;Calderon;5223-3498-6221-7487;852;10-06-18
Giselle;Henry;5388-2612-2485-6053;373;20-03-20
Chelsea;Juarez;5202-9555-9703-9049;77;25-07-18
Alisa;Cherry;5376-6396-0387-2771;946;24-01-20
Iola;Daniel;5142-6546-4355-4902;992;22-06-18
Lucas;Bender;5112-1973-9327-8518;867;10-09-18
Philip;Holland;5383-6711-5779-3575;296;14-12-19
Morgan;Orr;5104-1539-7397-3861;503;02-07-18
Alice;Bell;5120-8525-4809-7672;243;25-05-19
Claudia;Travis;5348-2046-6025-1263;705;22-11-19
Ciaran;Adams;5526-8107-9939-7472;799;23-01-19
Amanda;Foster;5534-3628-9305-0672;54;24-01-19
Arden;Noble;5193-6236-4904-1261;609;06-07-19
Dominique;Buck;5446-6824-5005-5609;544;16-05-19
Hamilton;Vance;5596-4385-5963-8805;184;06-10-19
Ezra;Zimmerman;5321-9998-4411-2809;208;20-07-19
Stone;Walters;5245-2396-6575-4683;112;27-06-18
Olympia;Hale;5370-9484-4788-4959;586;23-07-18
Brooke;Copeland;5408-1220-5843-1650;629;25-10-19
Oleg;Sellers;5197-4247-5583-0217;637;31-12-18
Alexa;Ortega;5308-6554-4649-5664;974;10-03-19
Calvin;Cochran;5339-9954-4932-0953;842;01-03-20
Chava;Sweet;5595-7781-4266-3120;393;03-05-19
Desirae;Berg;5211-9725-1825-3970;575;20-06-19
Castor;Sykes;5325-1775-8299-0399;267;06-09-18
Jakeem;Ramsey;5316-2492-6886-9501;743;07-04-20
Neil;Massey;5347-8184-7449-7498;849;08-02-20
Duncan;Gallagher;5176-9393-6612-1750;150;17-07-18
Yetta;Murray;5140-8852-1926-3914;128;12-11-19
Lee;Williams;5419-3311-6211-4964;192;09-05-20
Charles;Clark;5266-7986-8458-4797;583;17-10-19
Tucker;Campos;5102-9024-2621-9088;367;22-08-18
Duncan;French;5177-7527-3770-9644;1000;06-01-20
Lael;Ferguson;5331-9462-3434-6933;124;01-11-19
Cameron;Mercer;5128-0728-3073-8394;528;19-10-19
Courtney;Gallegos;5225-2214-9468-1612;901;22-01-19
Lars;Church;5491-9506-6213-1136;208;03-04-20
Keefe;Howard;5176-5161-2758-5638;584;25-11-18
Genevieve;Clements;5202-6160-2004-8516;203;12-03-20
Bree;Burke;5137-2962-1352-4704;564;02-09-18
Amity;Moses;5138-6767-1899-6151;205;10-10-19
Nayda;Ewing;5177-2975-8690-6727;417;10-01-20
Isaac;Conway;5583-3882-6010-0196;259;12-09-19
Fulton;Meyers;5207-5880-2405-3401;381;11-06-18
Chaney;Alexander;5388-0211-4730-0179;132;15-11-18
Amethyst;Day;5447-5886-6381-1754;75;23-01-20
Ronan;Levy;5297-1061-2949-3918;481;09-09-19
Lesley;Greer;5210-3784-0859-0334;714;02-10-18
Aladdin;Mckee;5488-3781-9779-7186;324;11-05-19
Gareth;Quinn;5358-0541-2978-0601;744;13-06-19
Byron;Ratliff;5591-2459-0269-2149;268;23-04-20
Rhiannon;Carlson;5258-9385-6966-5481;202;11-10-18
Rama;Dyer;5318-8170-4002-7289;710;23-01-19
Remedios;Walls;5525-7216-5166-5578;805;25-11-19
Rahim;Craft;5109-2551-2916-6566;51;08-11-19
Chester;Reeves;5216-3033-2870-4348;213;10-09-18
Faith;Hartman;5267-3418-3220-8131;44;15-04-19
India;Huber;5504-5598-8004-0840;288;28-12-19
Kennan;Ramsey;5432-5226-1479-2059;788;31-12-18
Driscoll;Harper;5245-8353-8941-4957;401;27-05-20
Jena;Soto;5242-9875-5335-8610;88;23-10-19
Gray;Schultz;5364-2070-7933-5360;631;30-05-20
Xena;Cruz;5389-4321-1922-9453;863;22-04-20
Salvador;Washington;5106-6901-4284-1816;468;08-08-19
Galvin;Austin;5359-5568-5135-2929;485;07-05-19
Allen;Blake;5182-8605-5880-0088;244;16-09-19
Gillian;Parks;5559-7003-8637-0430;915;05-11-19
Jared;Branch;5114-6568-3843-6286;265;31-07-19
Julie;Mcintyre;5170-7183-4683-7206;274;08-04-19
Jeanette;Mcbride;5359-4431-6418-3897;645;31-01-19
Rachel;Lewis;5464-0645-5256-2336;618;02-11-19
Rhona;Morgan;5353-8736-6950-5200;16;11-02-20
Fleur;Hooper;5458-7413-9450-3317;310;03-07-18
Kyle;Joyner;5432-5741-5940-0655;939;04-03-19
Remedios;Gutierrez;5392-0857-1129-3494;716;18-07-19
Celeste;Hopper;5577-3784-5644-6881;816;02-07-18
Bernard;Hubbard;5572-6676-4200-7432;890;16-01-20
Graham;Burks;5386-1120-1380-0350;744;21-06-19
Maite;Beard;5585-3055-7473-3189;413;07-05-19
Daquan;Mccoy;5448-4000-9168-7930;839;18-05-20
Evangeline;Bradley;5540-3041-0832-6648;813;12-03-20
Sebastian;Murray;5455-5093-1416-5233;516;13-12-18
Harper;Park;5411-5536-1543-5260;319;29-10-19
Mason;Douglas;5530-7391-3486-4488;381;06-11-18
Kelly;Mcbride;5395-3310-8736-3942;486;31-07-18
Burke;Acosta;5424-2863-6886-0062;233;19-01-19
Caleb;Terry;5277-5513-4626-5538;829;23-12-19
Penelope;Sawyer;5142-4529-4448-1077;366;20-06-18
Melodie;Melton;5433-5792-1966-8489;235;22-07-19
Erica;Carrillo;5155-2269-5431-6678;368;27-01-20
Ryan;Bond;5579-9318-3779-9994;431;11-09-18
Jeremy;Whitney;5300-5649-6360-9855;452;14-06-18
Ella;Mason;5421-7562-7465-1220;41;11-10-18
Nayda;Hays;5337-8055-0046-7803;83;04-10-19
Zachery;Nash;5254-2663-7232-4284;789;05-01-19
Scarlet;Stevens;5330-3849-3662-6421;328;16-10-19
Nell;Thompson;5200-6175-5772-3127;480;15-11-19
Alden;Collier;5427-9426-7506-3033;499;09-02-20
Ishmael;Pacheco;5447-3997-1121-0480;256;14-07-19
Howard;Clayton;5104-0262-7222-7918;503;23-11-19
Honorato;Sims;5301-8783-0377-2077;302;18-05-19
Carolyn;Delgado;5240-3535-3088-0675;159;17-08-19
Macon;Dorsey;5417-6503-1592-5386;353;10-10-18
Quintessa;Reed;5422-6847-7626-9227;969;07-03-20
Walter;Warner;5135-3405-8803-8551;804;25-02-20
Alfreda;Vega;5372-0817-7149-6345;140;09-02-20
Madonna;Sloan;5299-2215-9998-8012;880;11-01-19
Francis;Herman;5161-4600-8904-3533;157;11-12-19
Abigail;Klein;5326-0788-6681-8661;112;11-11-18
Tatiana;Clements;5590-3982-4617-9686;774;30-05-20
Echo;Castro;5442-1916-1232-3149;537;17-07-19
Ginger;Pope;5455-7189-4942-8292;236;06-04-20
Xerxes;Myers;5514-4181-4852-4566;228;13-12-18
Quyn;Crosby;5385-0228-9958-0433;584;26-09-18
Honorato;Valenzuela;5186-6536-5819-7075;524;10-09-18
Ryan;Mayo;5294-2470-8779-3270;947;17-06-19
Martin;Mcmillan;5249-1573-3253-4757;586;19-02-19
Cyrus;Todd;5112-1836-6945-7697;698;21-08-19
Thane;Hahn;5226-4466-7546-7965;531;16-08-19
Connor;Graham;5522-4536-9878-4427;344;04-06-18
Vaughan;Macias;5157-3503-4068-8984;504;03-12-19
Julian;Brown;5361-8009-3038-6516;180;09-05-19
Malachi;Larsen;5548-1257-6843-9930;626;28-08-19
Alisa;Russell;5131-7892-8981-6000;755;07-12-19
Alan;Phelps;5565-1569-3844-9101;612;15-04-20
Inez;Jefferson;5437-9513-6512-9879;765;19-10-19
Octavius;Harris;5314-7538-7524-2772;275;12-12-18
Quinlan;Whitney;5461-0488-6996-2878;256;04-10-18
Kareem;Barton;5424-7931-6168-7378;470;10-02-19
Sandra;Evans;5563-1786-5250-8716;905;13-06-19
Dante;Durham;5404-5792-9866-8603;866;06-09-19
Karen;Collins;5345-3169-0489-5078;221;17-09-18
Fatima;Bush;5174-1095-8734-7137;178;04-11-18
Hollee;Russo;5434-4612-3311-5616;297;30-09-19
Curran;Giles;5104-9056-0172-4101;460;08-08-19
Ciaran;Burch;5114-8547-7299-4481;91;18-06-19
Caleb;Fisher;5482-5239-1241-7463;102;24-08-19
Juliet;Simon;5547-7346-2545-7372;783;18-01-19
Barrett;Cooley;5126-3339-8739-2472;80;29-07-18
Orla;Jenkins;5107-3312-0759-4284;63;09-12-19
Ariel;Larson;5109-1034-5403-9422;83;13-11-18
Chastity;Hyde;5133-5243-8115-8367;107;10-07-18
Echo;Dalton;5332-9553-0999-9939;948;12-04-19
Galvin;Malone;5529-5943-4841-0641;279;08-07-18
Ina;Duke;5303-6331-0341-5288;903;22-01-19
Honorato;Silva;5496-9960-8339-1069;808;01-07-19
Liberty;Delacruz;5222-6357-8891-8393;901;04-07-19
Raven;Stark;5156-8429-4360-5879;248;11-03-19
Alec;Ayala;5375-5890-8012-1039;200;09-05-19
Arden;Boyle;5569-6414-7274-4864;496;22-10-19
Troy;Richmond;5507-1623-5371-6686;751;04-10-19
Blair;Sparks;5265-4623-2646-3818;354;08-07-19
Howard;Humphrey;5189-7713-3703-9208;981;20-06-18
Benjamin;Stewart;5464-8460-1243-4837;207;05-03-20
Galvin;Fuller;5253-3735-6903-6829;6;15-10-19
Marvin;Ford;5334-9223-7132-3016;336;20-03-20
Laith;Ball;5425-2517-2871-3194;523;29-04-20
Dalton;Nunez;5124-7301-6208-3192;810;09-12-18
Mia;Downs;5570-1776-9904-2136;250;22-11-19
Aphrodite;Bishop;5563-7566-4772-3357;679;06-03-20
Yuli;Silva;5572-4803-0875-2030;187;01-06-20
Byron;Brady;5170-2773-8876-3788;987;05-06-18
Nayda;Carter;5575-7711-2067-1813;600;31-08-19
Myles;Donovan;5503-5593-2867-7550;389;31-10-19
Brady;Casey;5537-9341-7888-8427;179;22-11-18
Nissim;Acevedo;5505-1563-9189-9936;93;04-03-19
Illana;Blanchard;5407-9614-5314-4645;190;27-10-18
Zeph;William;5312-1477-6130-4071;786;07-06-18
Audrey;Cain;5557-4024-4086-9943;247;28-04-20
Medge;Richmond;5557-3704-2389-1111;331;11-06-19
Gray;Frye;5217-0807-8353-5446;355;12-10-18
Simon;Potts;5233-5238-7777-2656;268;27-02-20
Quincy;Robertson;5503-9679-2785-7376;574;23-03-19
Teegan;Gallagher;5474-4542-3931-6354;782;29-12-18
Hyatt;Aguirre;5394-4314-2940-7265;133;22-06-18
Vivian;Aguilar;5553-9983-7973-0679;43;25-04-20
Beck;Owens;5530-2138-7748-1884;683;30-07-18
Otto;West;5257-4202-4841-8765;813;30-04-19
Ralph;Skinner;5268-2690-6389-2233;85;14-02-19
Jordan;Ashley;5562-8484-4055-7982;702;03-09-18
Abbot;Moon;5562-3687-7470-4118;904;12-06-19
Wayne;Figueroa;5593-2045-8241-6384;925;31-05-20
Nell;Silva;5289-4796-1361-0804;949;26-12-18
Nola;Puckett;5372-1591-4068-2439;393;07-04-20
Eaton;Johnston;5191-4775-1910-6981;530;11-12-19
Madeson;Greer;5539-2023-2165-9212;24;08-01-20
Roanna;Chase;5240-7002-6103-0138;883;02-09-18
Timon;Santiago;5232-1790-1132-7252;332;14-05-19
Yolanda;Valentine;5287-7726-7807-1090;819;28-04-20
Kato;Benson;5165-4467-7254-1160;258;11-08-19
Charity;Hall;5322-7781-5113-1274;25;18-02-20
Sloane;Pitts;5453-0775-2891-9219;741;25-04-19
Lars;Case;5191-2445-2907-0965;406;30-05-20
Halee;Rutledge;5234-2810-8751-0940;417;17-08-18
Breanna;Witt;5291-1343-8131-3232;40;28-07-18
Miranda;Marquez;5267-2229-8374-9851;88;05-11-19
Savannah;Odonnell;5477-5167-9112-1708;609;01-12-18
Ezekiel;Travis;5516-0609-1395-9045;499;12-11-18
Prescott;Cherry;5418-0035-6388-3692;876;02-04-20
Abigail;Townsend;5281-3545-3612-9174;325;01-10-18
Kitra;Reese;5407-2553-1314-2281;223;19-09-18
Lucius;Cooper;5471-9620-1638-1659;96;13-04-19
Cassady;Peters;5243-8147-7977-1500;747;06-08-19
Brianna;Mason;5293-3411-4788-4418;25;16-10-18
Raphael;Daniels;5388-0077-6592-6056;149;03-11-19
Trevor;Chavez;5236-1000-1494-6092;14;20-02-20
Unity;Hammond;5233-8242-3305-6580;304;15-01-20
Adele;Ewing;5475-4794-1054-2428;213;28-09-18
Lacy;Mathis;5354-1940-9284-0844;547;19-01-19
Kyra;Petersen;5189-1162-4231-5667;779;18-07-19
Reuben;Petersen;5531-0143-9605-0062;458;09-10-18
Denton;Jefferson;5428-4756-7632-7676;799;08-02-20
Holmes;Hutchinson;5139-0257-2523-1633;190;13-11-19
Dexter;Shields;5283-1471-7818-4871;607;30-06-19
Lydia;Shields;5315-9753-5589-5303;99;24-10-19
Edan;Marshall;5589-6758-0207-7104;931;28-12-19
Shoshana;Fitzgerald;5432-6870-4215-9187;254;28-08-19
Vladimir;Robles;5460-2851-7085-6479;538;25-03-20
Dane;Henry;5456-0591-6161-2126;638;22-01-19
Abraham;Sawyer;5526-9430-7534-2274;390;26-05-20
Nehru;Santana;5325-3339-8017-3530;703;28-05-20
Sigourney;Gates;5549-4709-7028-6862;640;06-10-18
Aquila;Kelley;5387-5943-5000-6536;719;22-02-20
Cairo;Frazier;5544-7944-3208-9118;66;17-09-19
Echo;Brooks;5564-6844-7847-8363;802;03-03-19
Ishmael;Mcmillan;5177-3361-9538-9493;256;14-04-19
Vernon;Hughes;5425-6617-2241-2686;243;18-03-20
Katelyn;Browning;5396-7110-9632-4358;459;14-09-18
Idona;Reed;5344-1408-1771-4973;996;10-04-19
Dale;Barton;5143-5595-2584-6236;401;17-10-19
Lesley;Porter;5412-5381-4931-9055;625;30-10-18
Nita;Douglas;5542-2614-2386-5940;147;20-01-19
Melinda;Knapp;5252-5559-5768-1882;506;27-07-18
Hillary;Mclean;5291-9092-0820-0583;751;26-02-19
Lucas;Gould;5439-6869-9193-3017;521;24-05-20
Rylee;Schmidt;5463-8267-9139-4312;369;22-10-18
Hammett;Christian;5298-8608-1342-6225;392;27-02-19
Audrey;Mcintosh;5370-2988-0152-4225;130;18-03-20
Keane;Howard;5368-5849-5038-4683;228;25-06-18
Maisie;Meadows;5127-4551-9475-4472;308;25-05-20
George;Pennington;5348-2090-0576-8541;646;23-05-20
Chastity;Little;5126-9580-1198-7424;308;02-12-18
Hedda;Bowman;5237-2368-6735-6929;388;19-05-19
Luke;Stafford;5594-2531-7369-3322;351;11-05-20
Lamar;Best;5348-1023-4300-8102;817;10-08-19
Tyrone;Summers;5243-2189-6466-4407;927;08-05-20
Camilla;Woodward;5367-4918-8847-7228;667;31-12-18
Faith;Carlson;5200-9957-2543-5182;348;17-04-20
Ivor;Baird;5595-7225-4116-1575;462;28-12-18
Callum;Richmond;5139-8359-9881-2558;814;12-12-19
Tashya;Lambert;5487-9243-0599-8876;574;06-10-19
Gary;Leach;5297-1530-4809-7586;208;23-03-19
Addison;Reid;5394-6965-9568-8654;88;21-09-18
Iona;Richards;5280-9523-6252-3419;324;03-10-19
Carson;Clayton;5497-7291-6635-4913;15;30-01-20
Gannon;Hamilton;5541-8754-3116-0241;136;30-03-20
Molly;Brennan;5269-4242-5043-8436;884;09-12-19
Brent;Mendoza;5331-5707-5495-1177;680;17-06-18
Imogene;Mendoza;5455-8052-5582-7884;919;08-02-19
Margaret;Burt;5423-5588-4875-5356;427;23-04-19
Caleb;Donaldson;5234-7997-3309-2203;501;19-06-19
Sloane;Cunningham;5528-3467-0246-5971;530;21-09-18
Zoe;Duncan;5123-7998-9673-2672;138;06-03-19
Walker;Sullivan;5533-7784-0085-2972;88;01-03-20
Craig;Lawson;5339-0566-1406-4460;301;11-12-19
Rina;Curtis;5237-2956-2259-3143;816;21-07-19
Ali;Nicholson;5430-4060-4761-8176;242;25-02-19
Cameron;Mendez;5552-8570-8137-7750;231;10-06-19
Christopher;Mays;5110-8479-2018-7549;509;07-06-18
Cade;Olson;5138-7643-8796-9236;814;10-11-19
Hop;Dodson;5394-8652-4247-1661;727;26-08-18
Tamekah;Ray;5280-4727-5834-6200;464;25-01-19
Molly;Webb;5264-8831-8397-6496;914;25-08-19
Honorato;Puckett;5402-4053-8515-2693;343;20-11-18
Baxter;Castillo;5387-3207-1239-5155;825;01-02-19
Christen;Moody;5467-4339-3580-4391;794;20-04-19
Cecilia;Leach;5226-6735-0108-4363;418;03-04-20
Kennedy;Schwartz;5374-5835-9044-9395;637;18-02-20
Jakeem;Willis;5359-6465-2639-0477;961;17-07-19
Abbot;Nelson;5381-4655-8299-0118;28;13-05-20
Dominic;Glenn;5449-8866-5580-5968;699;07-09-18
Francis;Benson;5442-1369-7418-6683;842;21-11-19
Finn;Terry;5502-7766-1858-5555;939;21-03-20
Garrett;Kramer;5466-0981-6169-4989;988;07-10-18
Madeline;Buckley;5536-1987-8736-3955;782;04-08-19
Nomlanga;Zimmerman;5387-6930-2323-5736;201;27-10-19
Rigel;Cross;5590-3657-9927-5195;526;10-04-19
Eric;Odom;5358-5475-9356-1712;662;02-11-19
Nell;Rush;5583-0705-7335-9780;57;19-08-18
Erich;Rivers;5157-2893-3245-6846;165;04-07-18
Bryar;Peck;5158-2706-0625-4785;461;03-01-20
Kessie;Leonard;5548-1345-0102-9230;600;15-12-19
Gil;Michael;5458-1452-5232-1111;920;09-12-19
Fulton;Sullivan;5456-2046-3382-5373;312;14-04-20
Ray;Cummings;5504-2462-2568-9859;166;29-01-19
Zeus;Burgess;5513-4805-5228-0557;498;17-06-19
Henry;Rios;5539-5405-2393-4077;524;08-01-20
Nissim;Mckee;5460-9289-0561-2168;377;05-05-20
Kameko;Bernard;5373-2392-6263-7277;135;17-06-19
Alexandra;Klein;5102-2673-6175-2612;51;07-06-19
Keaton;Burke;5167-2731-0253-2257;947;30-04-19
Vera;Allison;5589-4448-6598-4163;837;06-06-18
Alexis;Bond;5307-0895-0763-3644;359;30-04-19
Lester;Hess;5524-3836-3245-7376;762;13-10-19
Stephen;Pacheco;5315-2944-7279-9541;565;05-09-18
Joshua;Lang;5463-9399-5902-7812;851;18-01-19
Kellie;Gonzales;5519-2043-5955-8047;896;13-12-19
Tamekah;Weber;5289-6970-3607-5400;589;21-02-20
Rhiannon;Jarvis;5384-5624-6985-8447;348;09-06-18
Ariana;Reeves;5427-5412-8149-1982;430;10-01-20
Alexander;Blackburn;5422-5160-3918-0249;396;11-08-19
Alfreda;Bailey;5257-8496-1423-3855;470;21-01-19
Sandra;Brock;5144-7227-5235-4071;724;21-06-18
May;Mills;5350-9367-0268-6726;462;21-12-18
Bradley;Farrell;5285-5822-4162-9619;418;17-09-18
Blythe;Oneil;5320-7325-9904-0854;97;27-11-19
Adara;Reyes;5305-8653-8753-7183;161;02-06-18
Keelie;Powers;5473-2636-3952-4975;803;11-08-18
Jason;Carson;5173-4290-9224-7965;706;02-11-18
Anastasia;Kinney;5439-0695-2952-8726;482;18-04-20
Sasha;Gilmore;5374-7326-3634-8323;259;08-11-19
Ray;Bradley;5291-5704-3743-6172;819;22-01-20
Inez;Stein;5259-4209-5174-2136;120;19-12-19
Pamela;Drake;5102-2178-0655-3091;915;08-05-20
Vincent;Elliott;5572-2025-3911-3505;382;18-03-20
Thomas;Vinson;5543-6617-5763-5836;22;14-02-20
Martina;Mullins;5499-9509-4783-2138;370;24-10-19
Palmer;Mcclure;5593-4861-5622-8085;781;14-05-19
Kaye;Cannon;5132-5969-2530-3148;551;19-06-18
Oliver;Merrill;5410-0647-5107-8121;676;06-03-20
Kenyon;Contreras;5398-1813-6407-0075;884;27-11-19
Dara;Stuart;5465-9194-2082-1520;499;07-12-19
Xenos;Dalton;5111-4643-2492-1009;127;04-07-19
Barry;Conway;5210-4993-0041-0221;609;07-01-20
Joy;Jefferson;5296-3732-4973-7167;25;07-04-19
Igor;Maynard;5200-3244-4149-9051;281;18-09-18
Basia;Gutierrez;5338-1669-3413-9016;794;11-02-19
Whoopi;Molina;5404-7462-9126-9925;15;11-07-19
Darryl;Freeman;5400-6157-8385-2478;463;26-04-20
Mia;Hensley;5216-0581-6634-3183;626;24-11-19
Rama;Paul;5302-4143-4088-8335;557;21-09-19
Brielle;Sharpe;5205-6294-2871-0048;363;27-12-18
Caldwell;Meadows;5395-9206-8289-5116;327;19-08-19
Fredericka;Mccoy;5136-1512-3317-3902;589;23-11-18
Rigel;Trujillo;5411-0078-5067-0529;886;10-04-20
Quon;Mccall;5237-7321-7445-7137;731;08-12-18
Tiger;Miles;5465-1354-6776-2564;553;18-10-19
Charity;Baird;5553-7028-4280-1384;725;29-08-18
Burke;Craft;5207-9846-1070-4624;63;24-03-19
Isabella;England;5392-2534-1520-1912;704;28-08-18
Yeo;Cunningham;5342-5743-2064-5955;376;18-05-20
Rhiannon;Ruiz;5275-9168-2168-8631;647;04-07-18
Cassandra;Cameron;5377-2318-4905-4791;507;31-01-20
Garth;Branch;5531-4616-1788-8558;39;14-06-18
Alfreda;Sloan;5296-4496-1282-8328;559;05-05-20
Dominic;Roberson;5571-9693-7031-7202;576;23-02-19
Cameran;Hays;5296-4910-9707-0158;577;16-12-18
Teegan;Ross;5429-0979-9008-3337;635;01-12-18
Shelly;Shepherd;5383-6851-1665-5394;500;20-07-18
Kasper;Newton;5218-8238-5542-0586;101;13-08-18
Venus;Underwood;5561-0690-2117-6842;945;02-04-19
Kasper;Compton;5341-4186-7379-5622;653;05-02-19
Justina;Alvarez;5406-9845-6180-3655;658;07-05-19
Mikayla;Reilly;5118-1181-6887-4376;929;05-09-18
Ebony;Chambers;5405-8814-3081-5699;36;07-01-19
Hasad;Stewart;5299-8573-7823-9430;337;23-01-20
Solomon;Jennings;5543-9907-5531-8628;511;20-11-19
Bruce;Bauer;5159-3182-1814-6425;479;17-04-20
Naida;Slater;5353-9934-0113-7383;690;16-02-20
Andrew;Moss;5303-2780-4293-7339;736;14-11-19
Anne;Strong;5371-6085-0368-0563;950;05-01-20
Keely;Glenn;5598-5066-8212-9708;25;21-11-18
Austin;Compton;5305-2119-1384-1601;929;25-09-18
Joseph;Deleon;5418-7952-5737-1641;78;03-02-19
Erica;Talley;5510-5898-8035-2749;52;10-03-19
Cain;Oliver;5233-1126-6538-2504;740;15-11-18
Alexandra;Hahn;5227-0448-8305-6016;612;11-11-19
Chanda;Martin;5261-4309-6800-9201;239;18-02-19
Tyrone;Heath;5213-5367-2566-1008;108;07-11-18
Larissa;Burke;5261-8054-1134-3051;172;02-02-20
Britanney;Henderson;5546-3121-9443-6753;164;18-06-19
Norman;Buchanan;5337-1517-3302-2036;847;10-02-20
Giacomo;Burris;5135-2619-8022-6497;305;17-01-20
Kiona;Cooke;5170-9228-7833-8316;513;22-01-20
Ezekiel;Stark;5508-9123-9543-2869;368;13-12-18
Patrick;Howard;5162-7648-8103-1920;945;09-07-18
Jordan;Santos;5426-2267-2785-7183;199;04-08-19
Cailin;Drake;5347-8173-7313-1158;689;14-02-19
Merritt;Noble;5114-4121-8979-9439;938;08-04-19
Dahlia;Mcmillan;5132-9931-7097-6225;220;20-01-20
Yvette;Gardner;5190-3903-9881-6037;942;04-09-19
Athena;Rollins;5491-8741-8962-2320;535;20-09-18
Jade;Hampton;5477-4539-8159-4199;427;07-08-19
Alana;Gonzalez;5520-9785-6440-5576;276;17-01-20
Odysseus;Mccullough;5371-7624-5349-4168;451;22-12-18
Timon;Osborn;5144-9606-0987-4079;829;17-01-20
Rooney;Bartlett;5106-7661-1610-2698;209;08-04-19
Dacey;Holcomb;5399-4093-8436-5137;41;02-09-18
Wade;Knight;5441-2766-6700-1897;481;08-07-18
Norman;Nguyen;5473-8758-7657-2225;737;01-06-18
Jennifer;Bean;5494-9705-3412-6384;890;04-09-19
Aquila;Hines;5104-2200-7520-1572;88;08-12-18
Shellie;Holder;5557-8727-6431-3282;381;24-07-19
Arthur;Baxter;5446-8414-2687-5926;359;27-12-19
Xavier;Benson;5268-3192-0759-9218;807;18-01-20
Cameron;Cooley;5381-5645-0215-1726;243;24-06-18
Jayme;Obrien;5540-6435-0118-8299;209;23-05-20
Dara;Wilkins;5290-3266-1435-6779;762;19-09-19
Darius;Rowe;5591-2152-4501-3485;303;20-09-19
Xerxes;Savage;5319-4980-7868-5352;966;08-12-19
Thaddeus;Stuart;5416-1625-3722-0175;924;30-07-19
Fitzgerald;Carver;5139-4254-6055-1973;811;07-09-19
Jillian;Pittman;5466-7209-8344-0917;21;06-04-19
Serina;Rich;5251-3538-3405-9287;753;14-11-19
Larissa;Buckner;5317-3912-5548-6987;936;01-06-20
Aphrodite;Nguyen;5190-8115-7270-3865;427;22-04-19
Ross;Collins;5499-4834-1026-6923;355;20-03-20
Micah;Morton;5156-0245-2564-1560;18;05-07-18
Flavia;Mosley;5371-3795-3370-3300;404;24-02-20
Kamal;Coleman;5157-1869-6320-5320;721;28-01-19
Keaton;Daugherty;5561-4353-5734-1302;62;19-07-19
Hilda;Stanton;5213-3198-2819-2241;72;11-11-19
Charles;Christian;5439-1959-3630-0464;446;19-07-19
Frances;Mcdonald;5133-6874-9426-9585;80;03-04-19
Hannah;Alston;5369-9003-7937-7067;105;21-12-18
Rajah;Barr;5154-8563-1042-6950;363;22-08-19
Kimberly;Sullivan;5334-0880-7112-0480;74;13-02-20
Alma;Heath;5256-1876-4799-5682;689;01-09-19
Jescie;Wong;5122-7672-4896-9855;313;06-05-20
Colorado;Holder;5452-1146-4458-7009;515;19-05-20
Jamal;Black;5136-5339-6924-2367;895;09-12-18
Ariel;Mckenzie;5343-8363-5363-0918;660;22-02-19
Tarik;Miller;5589-0512-6314-7093;318;01-10-18
Elmo;Noel;5379-5452-5325-5059;1000;26-02-20
Nayda;Greene;5343-6053-4590-4701;396;12-06-19
Melvin;Tyler;5226-3233-5799-6894;971;25-11-18
Darryl;Massey;5107-7247-8882-0872;670;31-08-19
Reuben;Long;5204-0113-4225-6146;236;23-07-19
Dante;Sloan;5386-5514-3699-1322;590;03-05-20
Gemma;Alston;5209-6998-5766-8617;486;22-12-18
Wynter;Thomas;5445-1153-1163-4131;242;06-10-18
Colton;Morin;5531-6137-5584-2181;578;09-07-19
Macon;Skinner;5396-6380-9845-5205;604;10-12-19
Joy;Sweet;5544-2740-8957-8861;131;18-08-18
Wyoming;Riggs;5590-4823-5865-7885;23;07-06-19
Chanda;Pacheco;5268-2225-9003-7053;980;31-12-18
Pandora;Sosa;5425-9385-8087-0456;969;25-04-20
Mona;Cross;5184-8254-2083-2351;631;29-04-19
Chantale;Oneil;5172-7737-2184-9456;334;26-10-18
Ishmael;Weeks;5346-7947-6057-6454;744;16-01-19
Patrick;Mckay;5360-9313-1377-8440;296;11-10-18
Amelia;Houston;5421-7265-0231-5476;902;24-05-20
Zachery;Stephenson;5487-8127-9881-0627;104;01-06-18
Ryan;Henry;5527-3592-2954-0672;534;21-07-19
Barry;Hamilton;5532-1616-5486-6231;254;09-11-18
Calvin;Lindsey;5197-6955-9345-2930;797;14-08-18
Stella;Murphy;5541-1927-9324-8196;111;11-02-20
Moses;Gray;5158-5350-4657-4509;603;05-04-19
Kerry;Cantrell;5354-4084-6526-1168;429;02-07-19
Cyrus;Cooley;5493-8840-4415-1066;663;30-11-19
Lillian;Ware;5549-6173-5354-9387;949;31-08-19
Zena;Bell;5509-6157-8113-3087;103;11-07-18
Emerson;Wall;5296-1847-0195-7049;570;23-06-19
Shelby;Burns;5374-3439-3808-2378;196;17-09-19
Whoopi;Joyce;5164-2540-2356-1057;839;20-03-19
Abdul;Peters;5448-4430-7873-4606;90;01-09-18
Byron;Bass;5447-0070-3571-9660;68;12-07-18
Veda;Parker;5586-2830-0007-3752;215;15-10-19
Lester;Ewing;5254-7354-7817-3977;615;14-09-19
MacKenzie;Daugherty;5163-6925-7808-9605;431;10-11-19
Isaac;Vincent;5229-5625-1368-3949;567;18-07-19
Echo;Kane;5375-3851-2292-0623;826;01-04-20
Abbot;Jefferson;5599-7486-0810-0749;910;19-02-20
Barrett;Mercer;5507-4850-5440-3142;841;27-05-20
Audra;Craig;5425-2656-5368-5821;364;11-10-18
MacKenzie;Oliver;5279-5233-5981-8055;236;06-07-18
Harrison;Key;5420-3266-1969-2056;80;28-06-19
Jacob;Harmon;5553-2858-9307-6874;523;13-02-19
Garrett;Stein;5367-2992-7540-1291;932;01-01-20
Yetta;Wells;5389-2410-4179-4058;32;14-11-19
Elizabeth;Phillips;5102-6540-7251-5307;839;29-01-19
Hayden;Soto;5558-5414-0817-0445;152;03-10-19
Shelby;Velez;5307-6307-1663-5266;858;11-04-19
Sylvester;Newman;5164-2243-3807-9616;455;08-09-18
Stone;Olson;5591-0787-4474-1794;994;12-10-18
Troy;Miles;5214-1743-3351-1602;378;10-09-19
Scarlett;Frank;5206-5899-1530-1017;126;27-04-20
Brynn;Conrad;5501-4294-6392-0227;52;03-12-18
Xaviera;Munoz;5233-8328-9072-7682;170;17-03-20
Linda;Mcneil;5411-9836-2141-2849;145;28-11-19
Tatiana;Stevenson;5168-5569-9255-5274;563;16-11-19
Brynne;Goodwin;5122-6468-9102-5241;469;15-05-20
Nehru;Underwood;5310-6639-4537-2000;234;13-09-18
Kadeem;Patrick;5460-5463-8010-1158;134;25-12-18
Gil;Boyd;5554-1783-8101-4623;617;16-09-19
Arden;Woodard;5297-5243-5865-5686;63;10-09-18
Iona;Smith;5292-4409-4396-9794;704;24-02-20
Xena;Chavez;5228-3650-7562-8570;581;14-02-19
Buckminster;Jacobs;5509-8593-4480-9375;56;06-03-19
Amy;Simmons;5374-1162-3085-2965;158;01-10-18
Cameron;Hobbs;5167-9836-0954-9600;56;27-04-19
Jolene;Odom;5516-5431-7463-6873;971;24-09-18
Samantha;Gomez;5215-8661-1670-1198;942;02-06-19
Mia;Gray;5496-3112-2709-7590;410;13-06-18
Victor;Smith;5463-1134-0392-0002;760;26-01-20
Mara;Hardy;5537-7767-3378-7259;445;11-09-18
Dora;Robinson;5415-7152-2484-1156;372;25-08-19
Craig;Burt;5211-7648-2539-0300;545;08-03-19
Oscar;Butler;5242-1136-5914-6839;603;02-10-18
Anika;Garrison;5293-6661-7385-1901;359;04-09-18
Graham;Hamilton;5374-0847-1178-2764;979;28-10-19
Yuli;Cooke;5338-1397-8846-6686;73;04-06-19
Aurelia;Neal;5399-1553-9942-9042;990;09-06-18
Sacha;Burnett;5381-0981-7756-2073;786;29-02-20
Quintessa;Roberson;5331-6605-2213-1325;170;19-04-20
Ronan;Wilkins;5124-9612-8687-1564;731;25-06-19
Prescott;Montoya;5367-7293-7254-1102;377;05-09-18
Xavier;Noel;5267-7812-1470-1007;997;12-09-18
Devin;Baldwin;5283-2181-5478-3141;622;29-11-19
Pamela;Leon;5440-2294-6162-2583;369;03-08-18
Gwendolyn;Burt;5534-1459-0215-3656;787;20-08-18
Jordan;Rich;5371-7251-1768-8087;144;11-06-19
Amena;Mcclain;5463-0193-6376-4522;262;31-05-19
Halla;Meyer;5398-8130-6344-3712;910;18-05-19
Florence;Dickson;5255-6846-8639-7185;58;29-06-18
Hammett;Benjamin;5452-1412-8979-6843;351;06-09-19
Anjolie;Mcgee;5142-6574-4075-4575;546;12-03-19
Reed;Brewer;5118-9917-2594-6386;850;12-06-18
Valentine;Washington;5474-9354-4095-1641;237;19-07-19
Zachary;Acevedo;5120-7483-3872-9310;141;09-06-19
Eugenia;Barlow;5248-6139-9735-8222;925;08-08-19
Veda;Fry;5369-5889-3769-9930;972;12-06-19
Clinton;Love;5299-5330-7762-5514;380;21-07-19
Maris;Olson;5230-0482-7018-5382;885;14-12-18
Lani;Parks;5198-3801-8529-9861;806;14-12-18
Maxwell;Hyde;5505-3802-2664-4552;940;12-09-19
Jana;Ware;5598-6012-3257-8858;528;07-06-19
Cadman;Larson;5175-6686-5500-3806;845;18-12-19
Emery;Monroe;5383-2556-9243-7359;933;09-08-18
Orli;Maldonado;5331-8425-5034-5387;440;13-12-18
Cruz;Torres;5400-4857-3240-0815;638;31-10-19
Shannon;Daugherty;5260-3359-2045-5767;547;31-01-20
Kasper;Hopkins;5515-9188-8071-2294;169;14-05-20
Leslie;Keith;5235-3514-1852-7597;637;10-12-18
James;Pratt;5548-5632-5567-5931;889;05-03-19
Heather;Castro;5335-5192-8400-5539;772;27-03-20
Karleigh;Lowery;5323-2890-4110-3068;947;17-12-18
Bruce;Schmidt;5362-5387-0356-1530;109;21-02-20
Linus;Hill;5396-5580-4736-8400;783;23-02-20
Xantha;Thornton;5574-6637-9762-3170;71;14-11-19
Gary;Henry;5570-6321-9773-2521;158;04-04-19
Nasim;Boyer;5368-8439-4636-5002;713;03-04-20
Wing;Ross;5594-3661-0150-0888;855;28-03-19
Joan;Whitehead;5526-8791-2443-9341;125;08-05-19
Priscilla;Cooper;5503-7795-2004-4942;153;05-02-20
Violet;Meyer;5391-2270-5513-3107;261;23-11-19
Maite;Smith;5549-9835-9340-9703;905;13-07-19
Callie;Rivera;5139-1766-7810-6577;658;05-06-18
Kellie;Thornton;5407-0947-3493-7007;705;21-05-20
Perry;Pollard;5363-8822-5905-3198;139;15-07-19
Amir;Swanson;5282-3120-6659-8910;911;04-05-19
Camden;Lopez;5278-2149-1422-4259;224;28-11-19
Mechelle;Dalton;5228-9496-5600-3616;176;29-10-19
Piper;Tyson;5113-4246-3354-0674;428;11-12-19
Reed;Kelley;5273-1937-7933-7742;898;15-08-19
Rhiannon;Joyce;5375-4359-2689-1189;570;24-05-20
Abbot;Bird;5488-2905-3617-6693;706;25-10-18
Yael;Love;5260-0635-4779-0693;491;07-06-18
MacKenzie;Chang;5539-3495-4133-0445;67;20-06-18
Graiden;Murray;5156-9038-8067-7634;606;22-10-18
Wesley;Velazquez;5543-9581-6250-6085;908;15-04-19
Abra;Goff;5486-8448-7570-9290;477;29-09-18
Hilel;Soto;5382-4478-6972-4070;805;07-11-18
Brenda;Reyes;5187-9006-9163-4245;63;28-12-19
Yasir;Guthrie;5228-6690-3195-3539;898;19-08-19
Ciaran;Williams;5476-7740-9551-2285;690;07-05-20
Drake;Cannon;5481-5455-9497-5477;776;16-11-18
Kamal;Cross;5245-3644-3896-5638;454;15-10-19
Zoe;Suarez;5153-6032-1775-0756;307;24-03-19
Grace;Boone;5455-9867-1787-2104;608;07-12-19
Reece;Goff;5231-6859-0835-4648;869;18-02-19
Alana;Blackwell;5359-9551-0905-3539;292;30-12-18
Nero;Mcdonald;5519-9346-1626-8119;418;26-11-19
Kermit;Warren;5588-2089-7058-2811;512;18-08-19
Mark;Mosley;5418-6741-7842-0730;796;15-05-19
Boris;Ball;5245-7152-3815-6662;139;08-08-18
Solomon;Bush;5159-8323-8209-9814;160;23-12-18
Charles;Hanson;5580-4507-4512-7054;937;04-11-18
Hermione;Berg;5414-4012-7162-0782;448;19-09-19
Levi;Barton;5220-8374-5113-6269;980;02-06-18
Erasmus;Dodson;5400-4924-1643-2882;169;03-08-19
Brynn;Emerson;5386-3643-9800-0359;606;27-12-18
Melinda;Holland;5167-5709-0043-6288;289;21-08-18
Constance;Shepherd;5391-6519-4311-5119;762;08-04-20
Yasir;Haney;5585-5574-2437-1749;267;15-01-19
Raymond;Keith;5282-5638-4934-9241;522;20-06-19
Patrick;Nixon;5440-4671-5905-5076;954;28-12-18
Anastasia;Hahn;5588-8241-0196-7570;779;14-11-19
Brody;Ramos;5588-3293-8786-9359;800;20-06-19
Lamar;Grant;5408-2784-1931-3829;37;21-02-19
Farrah;Bird;5225-2432-3382-2174;976;16-02-19
Karly;Osborn;5591-2604-6916-6007;398;31-07-19
Daphne;Harrison;5109-1344-9394-2599;960;28-06-18
Cameron;Carver;5198-5451-8149-5966;784;18-10-19
Justin;Lynch;5566-2693-3145-8741;214;21-01-19
Lacy;Rasmussen;5440-4065-4242-4946;373;22-12-18
Ariel;Nunez;5311-2974-0292-5973;672;24-01-20
Fletcher;Gilmore;5400-4652-3110-9000;202;23-09-19
Jonas;Robbins;5418-4884-3738-4276;104;26-08-18
Keely;Decker;5236-0886-7182-5297;371;07-03-19
Victor;Humphrey;5119-6013-8903-6841;669;09-04-19
Bert;Austin;5143-9591-5198-1630;231;04-09-19
Elaine;Peck;5407-7376-9385-1516;692;06-02-20
Jameson;Vaughn;5504-0122-1571-4754;376;24-10-19
Nasim;Pittman;5433-2751-3344-6967;903;04-09-19
Mary;Little;5163-8249-8379-1083;989;14-09-18
Nerea;Gibbs;5330-3694-2280-8468;31;15-12-19
Pamela;Albert;5388-2563-8093-9891;914;09-10-18
Dieter;Weiss;5215-3675-6602-9875;955;25-01-19
Cullen;Molina;5377-6801-2884-3268;562;24-08-18
Kirsten;Snyder;5110-6634-1951-0376;208;11-12-18
Gay;Ewing;5352-3996-7622-7209;978;14-10-18
MacKensie;Mcknight;5392-3788-9225-4942;697;09-06-19
Brennan;Duncan;5477-7416-8176-6491;478;13-12-19
Abel;Espinoza;5531-4130-0624-8431;593;15-04-20
Driscoll;Stanton;5419-3012-4396-5601;726;08-02-20
Charlotte;Bishop;5527-3956-0146-1061;811;06-12-19
Keegan;Giles;5451-2590-7082-4599;538;12-03-20
Eden;Mccoy;5229-8064-5429-6520;663;24-09-19
Bryar;Tucker;5555-8795-7788-7214;546;19-02-20
Amir;Bell;5374-7026-2739-9924;925;17-10-19
Tanya;Cardenas;5379-6105-9435-9299;162;12-02-19
Kenneth;Everett;5239-2744-3149-8305;182;21-09-18
Darrel;Davenport;5420-3305-0041-7813;77;28-08-18
Caesar;Hull;5177-5659-5419-2900;661;28-04-19
Illiana;Cochran;5317-1936-2376-6870;570;13-08-19
Kitra;Mcleod;5576-9880-6666-9788;387;03-09-19
Jesse;Boyle;5434-9414-9886-8629;758;30-09-19
Judah;Winters;5559-3001-8844-3632;579;17-01-20
Jonah;Kline;5511-4258-4526-2385;854;08-07-19
Naomi;Mckenzie;5157-8340-0760-5308;777;03-01-20
Jenette;Fowler;5231-5213-7093-2688;36;15-01-20
Akeem;Brown;5213-7690-8990-3803;239;24-01-19
Jane;Medina;5454-5592-7928-9842;25;25-09-19
Thomas;Mcclain;5480-4931-1848-1022;489;29-03-19
Hakeem;Carter;5510-4159-4046-0977;750;15-11-19
Amela;Reid;5150-5525-4484-2930;289;04-03-19
Skyler;Blake;5528-8402-5123-1073;706;05-02-20
Chester;Cardenas;5296-6136-7131-0649;918;08-02-19
Martin;Cobb;5340-5308-2322-3692;188;28-05-19
Ivor;Watts;5218-7082-2012-0625;770;29-06-19
Henry;Hall;5242-7514-2958-1254;881;14-12-19
Alec;Burke;5403-7465-8033-9455;536;21-09-19
Lois;Leonard;5107-5890-7380-7920;692;08-12-19
Kasper;Morrow;5485-7465-6608-2237;303;01-10-19
Rogan;Bond;5276-5202-6552-0174;505;24-12-19
Lana;Boyd;5286-4640-4392-3483;893;15-11-19
Colby;Gillespie;5433-1176-7909-6766;978;27-08-19
Carlos;Hendricks;5487-5587-2803-0576;289;15-08-18
Bruce;Hubbard;5577-9476-9638-9398;834;17-04-19
Cameron;Woodard;5494-1083-8731-8812;389;27-12-18
Levi;Russell;5387-1142-3330-2356;454;29-05-20
Dante;Mayo;5319-3421-0540-1138;232;06-07-19
Jameson;Mendoza;5304-4371-5408-7668;683;19-04-20
Lacota;Sanford;5430-4444-2087-8166;888;20-12-19
Clayton;Sandoval;5244-7016-0192-8763;796;06-03-19
Wesley;Simpson;5404-7648-5525-4167;850;20-06-19
Donovan;Paul;5424-4934-4046-8399;278;16-11-18
Cooper;Bartlett;5479-2371-4038-7274;133;29-10-18
Katelyn;Hancock;5330-8097-3054-3513;602;22-09-19
Rama;Cannon;5577-6495-6235-3371;532;14-01-19
Emily;Wheeler;5170-2189-8338-4810;445;17-05-19
Violet;Winters;5343-9410-9419-4032;427;09-02-19
Keely;Middleton;5594-7034-3032-4475;876;21-11-19
Teagan;Arnold;5431-6226-5767-9667;209;14-03-19
Melinda;Hatfield;5462-1418-1297-3222;773;21-03-20
Jelani;Deleon;5378-4637-8128-8447;288;15-01-20
Lucas;Bowen;5364-7887-0981-5129;127;03-04-20
Griffin;Donaldson;5265-1979-5057-3629;473;13-10-19
Diana;Fry;5518-3690-7990-9076;592;22-06-19
Nola;Oneil;5568-4254-5423-8744;130;22-07-18
Olympia;Carson;5534-3880-3730-6167;597;16-09-19
Keegan;Mooney;5386-9626-5492-5290;590;25-06-18
Michael;Garcia;5138-9889-2465-2290;737;08-02-19
Maggie;Prince;5303-8041-8417-8208;143;21-12-19
Rhoda;Lopez;5592-0406-6149-7874;47;18-03-19
Skyler;Pate;5208-0152-5755-5232;310;08-04-20
Anastasia;Pennington;5456-7254-9956-9747;955;25-05-20
Derek;Hurley;5505-3436-0365-6094;66;24-06-19
Mark;David;5310-7007-4088-1981;694;11-02-20
Skyler;Odonnell;5104-2800-0401-4272;297;15-02-20
Jelani;Ramirez;5410-8466-2171-6629;576;21-12-19
Micah;Hartman;5369-0812-7835-5411;747;19-12-18
Morgan;Paul;5443-0397-7940-8105;837;29-05-19
Hannah;Cooke;5366-9754-4393-3643;137;09-03-20
Declan;Figueroa;5124-3724-3099-5046;833;13-12-18
Elijah;Peters;5201-4069-4336-7768;49;01-08-19
Kyla;Williams;5473-1592-0585-5571;157;28-01-19
Nayda;Gutierrez;5411-2900-3652-2760;460;13-12-19
Keefe;Sandoval;5208-2303-5751-8762;687;19-12-18
Ciara;Bell;5446-4721-5145-8702;666;18-01-19
Jemima;Vargas;5239-5251-8485-9930;38;10-02-19
Maxwell;Mcmahon;5498-5000-3619-6068;480;13-07-19
Kelly;Ballard;5461-6569-0260-6888;861;22-03-20
Timothy;Justice;5334-1422-7878-3945;729;12-03-20
Elmo;Garza;5282-3456-0248-3593;870;22-12-19
Flavia;Barber;5204-6393-4429-7179;774;19-04-20
Kim;Avery;5518-4486-6042-8751;233;26-05-19
Nell;Patel;5590-2403-3945-7969;469;23-12-19
Cameron;Carey;5551-2181-0461-7550;100;21-02-19
Garrett;Townsend;5322-9237-1969-8097;683;28-02-20
Ariana;Stephenson;5489-8184-7794-0815;260;08-07-18
Nina;Nielsen;5328-2618-0491-4739;826;26-08-19
Conan;Reyes;5197-5683-4514-1004;650;06-12-18
Nomlanga;Guthrie;5190-6305-0956-2594;547;18-02-19
Ulysses;Weeks;5367-6428-0543-9390;221;10-07-19
Flynn;Levy;5181-5199-1365-8547;729;03-12-18
Yuri;Kline;5193-8691-6205-7818;486;11-01-19
Rina;Lee;5187-0609-7317-1422;308;10-09-19
Joshua;Mann;5371-4220-8029-2408;980;22-03-20
Minerva;Griffith;5188-0934-9831-2014;501;28-10-18
Nicole;Stevenson;5128-3203-0244-4573;364;07-11-18
Imogene;Miller;5196-9762-3270-9125;617;12-05-19
Cole;Lott;5408-8979-1986-1209;588;21-05-20
Uma;Rowland;5197-3926-7757-3100;830;26-03-19
Quynn;Watson;5289-6057-0722-5071;734;27-03-20
Shellie;Mcgee;5413-9833-3278-8014;106;30-08-18
Liberty;Henry;5202-6358-8460-9619;606;24-06-19
Ahmed;Arnold;5188-2204-7068-3704;5;19-02-20
Lacy;Cooke;5269-9652-6047-4506;440;10-12-19
Molly;James;5516-0178-2603-4910;900;28-03-19
Sydney;Garrison;5106-2572-0816-1628;516;09-02-20
Uriah;Harris;5464-2399-6542-7786;143;19-04-19
Hadley;Townsend;5131-6329-4837-6562;271;28-09-18
Salvador;Henson;5203-0547-2670-9752;645;29-08-19
Isadora;Maddox;5487-6922-3260-0564;527;10-12-19
Lois;Hopkins;5278-0858-1997-9480;179;19-01-20
Idola;Cole;5551-2088-6521-5710;683;06-01-19
Acton;Simon;5467-7056-6262-5747;588;19-01-19
Lawrence;Hamilton;5102-8784-6262-9069;570;02-01-19
Ferdinand;Parsons;5183-6778-4445-1149;940;25-01-20
Christian;Hurley;5277-8045-6217-9747;376;01-10-19
Cherokee;Nelson;5193-7565-0270-2494;725;04-12-18
Hermione;Oneal;5334-6318-6911-7703;761;23-04-20
Noel;Potts;5550-7737-8727-9293;566;13-06-19
Hector;Langley;5227-7142-3369-8358;803;22-07-18
Oliver;Mcguire;5498-4405-5574-2721;158;25-10-19
Nero;Oneil;5563-4138-4856-4749;14;26-12-18
Mason;Avery;5485-5807-1015-3713;776;28-10-18
Kylee;Booth;5485-0349-3668-5439;919;14-01-19
Ashton;Lindsay;5107-4507-6782-5316;89;06-06-18
Danielle;Mendez;5458-5833-4625-3827;954;11-01-20
Phoebe;Mcgee;5115-9907-7276-3267;28;13-06-18
Vaughan;Paul;5313-0121-2612-5729;266;11-12-18
Lara;Slater;5109-6522-9518-0258;408;30-01-20
Ian;Burgess;5403-0629-2738-1238;375;15-06-18
Taylor;Clarke;5546-3793-5650-1336;943;08-12-19
Otto;Hansen;5499-7521-5014-6119;831;28-06-19
Jonas;Stafford;5579-5080-9530-5605;16;10-10-19
Ifeoma;Orr;5326-7835-2057-3400;80;28-08-18
Kelly;Wade;5429-2198-3891-6458;134;21-12-18
Wanda;Hoffman;5364-1175-9018-0577;614;14-12-19
Octavius;Clemons;5160-6911-3014-7466;613;30-04-20
Dolan;Gibson;5588-1442-1637-4442;647;02-05-19
Ginger;Navarro;5192-7150-3530-5119;80;04-04-20
Buckminster;Cash;5162-1543-0651-7721;987;26-02-20
Kelsie;Trujillo;5415-2830-5662-6989;633;15-05-20
Vincent;Ruiz;5483-2714-9297-9929;154;11-03-20
Madeson;Gallagher;5521-7408-0124-9152;1;01-11-19
Indigo;Johnson;5473-5277-6782-4872;435;15-08-19
Leigh;Head;5319-0105-0291-8547;794;17-10-19
Ulric;Deleon;5282-0664-5446-7183;276;29-07-19
Teagan;Tillman;5268-6704-8146-0398;232;30-03-19
Mason;Thomas;5259-0526-4416-7809;759;31-07-19
Jonas;Barnes;5152-9602-7284-3467;417;07-12-19
Mallory;Sawyer;5146-7415-4502-5796;527;04-03-20
Nola;Barrett;5163-9788-8987-1843;812;17-02-20
Brock;Moss;5542-4744-4588-4860;314;29-12-19
Nicholas;Wynn;5145-1085-9089-9833;740;08-04-20
Joelle;Barry;5351-6973-1744-4120;695;28-04-19
Xantha;Jennings;5161-5793-8125-2565;179;12-02-20
Judith;Mcclain;5101-0385-4588-4006;702;05-06-18
Jeanette;Hicks;5198-9484-7308-7485;687;11-11-18
Renee;Bolton;5420-9919-5144-0073;253;13-10-19
Noelle;Rollins;5117-8552-8713-3983;518;30-08-19
Xenos;Wilder;5596-7570-2374-6898;595;15-03-20
Isaiah;Romero;5396-0293-4677-9739;921;23-09-18
Burton;Durham;5477-2303-0345-5204;675;01-07-18
Rogan;Hall;5585-2871-6447-1463;77;30-09-18
Chava;Ramsey;5584-2201-7054-3273;404;07-11-18
Jaime;Cruz;5188-7607-0309-6190;349;25-09-19
Tiger;Porter;5180-0506-8529-8131;433;31-12-18